<?xml version="1.0" encoding="UTF-8"?>
<project-private xmlns="http://www.netbeans.org/ns/project-private/1">
    <editor-bookmarks xmlns="http://www.netbeans.org/ns/editor-bookmarks/2" lastBookmarkId="0"/>
    <open-files xmlns="http://www.netbeans.org/ns/projectui-open-files/2">
        <group>
            <file>file:/C:/Users/villalle.AUTH/Documents/NetBeansProjects/Progra-2/Proyecto/src/proyecto/AdministradorArchivos.java</file>
            <file>file:/C:/Users/villalle.AUTH/Documents/NetBeansProjects/Progra-2/Proyecto/src/proyecto/PowerShell.java</file>
            <file>file:/C:/Users/villalle.AUTH/Documents/NetBeansProjects/Progra-2/Proyecto/src/proyecto/Formulas.java</file>
            <file>file:/C:/Users/villalle.AUTH/Documents/NetBeansProjects/Progra-2/Proyecto/src/proyecto/ColeccionDatos.java</file>
            <file>file:/C:/Users/villalle.AUTH/Documents/NetBeansProjects/Progra-2/Proyecto/src/proyecto/Hilos.java</file>
            <file>file:/C:/Users/villalle.AUTH/Documents/NetBeansProjects/Progra-2/Proyecto/src/proyecto/Tabla.java</file>
        </group>
    </open-files>
</project-private>
